Sam Bradford ,QB
Jimmy Clausen ,QB
Tim Tebow ,QB
Colt McCoy ,QB
Tony Pike ,QB
Dan LeFevour ,QB
Jonathan Crompton ,QB
John Skelton,QB
Levi Brown,QB
Jarrett Brown ,QB
Mike Kafka ,QB
Zac Robinson ,QB
Matt Nichols,QB
Jevan Snead ,QB
Tim Hiller,QB
Sean Canfield ,QB
Joey Elliott,QB
Max Hall ,QB
R.J. Archer,QB
Noah Shepard,QB
Andy Schmitt,QB
Trevor Harris,QB
Rusty Smith,QB
Chris Turner,QB
Daryll Clark,QB
Maurkice Pouncey ,C
Matt Tennant,C
Ted Larsen,C
J.D. Walton,C
Eric Olsen ,C
Joe Hawley,C
Kevin Matthews,C
Jeff Byers,C
John Estes,C
Kenny Alfred,C
Reggie Stephens,C
Andrew Lewis,C
Robb Houser,C
Erik Cook,C
Joe Haden ,CB
Earl Thomas ,CB
Kyle Wilson ,CB
Devin McCourty ,CB
Kareem Jackson,CB
Patrick Robinson ,CB
Chris Cook,CB
Brandon Ghee,CB
Jerome Murphy ,CB
Dominique Franks,CB
Akwasi Owusu-Ansah,CB
Amari Spievey,CB
Perrish Cox ,CB
Walter Thurmond ,CB
Javier Arenas ,CB
Kevin Thomas,CB
Walter McFadden,CB
Alterraun Verner ,CB
Joshua Moore,CB
Ben Burney,CB
Syd'Quan Thompson ,CB
Trevard Lindley ,CB
A.J. Jefferson ,CB
Nolan Carroll,CB
David Pender,CB
R.J. Stanford,CB
Robert McClain,CB
Sam Shields,CB
Crezdon Butler,CB
Patrick Stoudamire,CB
Ross Weaver,CB
Thad Turner,CB
Rafael Priest,CB
Chris Chancellor,CB
Cornelius Brown,CB
Chris Hawkins ,CB
Devin Ross ,CB
Jamar Wall ,CB
Brad Jones,CB
Brian Jackson ,CB
Derrick Morgan ,DE
Jason Pierre-Paul,DE
Everson Griffen ,DE
Carlos Dunlap ,DE
Tyson Alualu ,DE
Alex Carrington,DE
Corey Wootton,DE
Austen Lane,DE
Brandon Lang,DE
Greg Hardy,DE
Jermaine Cunningham ,DE
Daniel Te'o-Nesheim,DE
C.J. Wilson ,DE
Clifton Geathers ,DE
Lindsey Witten ,DE
Hall Davis,DE
George Johnson,DE
Kevin Basped,DE
Willie Young,DE
Rahim Alem ,DE
E.J. Wilson,DE
George Selvie ,DE
Jeffrey Fitzgerald ,DE
Mitch Unrein,DE
Brandon Sharpe,DE
Alex Daniels,DE
James Ruffin,DE
John Russell,DE
Ndamukong Suh ,DT
Gerald McCoy ,DT
Dan Williams ,DT
Jared Odrick,DT
Brian Price ,DT
Terrence Cody ,DT
Lamarr Houston ,DT
Linval Joseph,DT
Torrell Troup ,DT
Cam Thomas,DT
Al Woods ,DT
Corey Peters ,DT
D'Anthony Smith,DT
Geno Atkins ,DT
Arthur Jones ,DT
Mike Neal,DT
Jeff Owens ,DT
Earl Mitchell ,DT
Nate Collins,DT
Brandon Deaderick,DT
Sean Lissemore,DT
Aleric Mullins,DT
Doug Worthington,DT
Jay Ross,DT
Travis Ivey,DT
Malcolm Sheppard,DT
Kade Weston,DT
Clay Harbor,FB
Rashawn Jackson,FB
John Conner,FB
Richard Dickson,FB
Ryan Moya,FB
Riar Geer,FB
Manase Tonga,FB
Matt Clapp,FB
Jack Corcoran,FB
William Rose,FB
Cory Jackson,FB
Jamie McCoy,FB
Dennis Morris,FB
Eric Berry ,FS
Taylor Mays ,FS
Nate Allen ,FS
Morgan Burnett,FS
Myron Lewis,FS
Kam Chancellor ,FS
Major Wright ,FS
Donovan Warren,FS
Quentin Scott,FS
Robert Johnson ,FS
Chris Maragos,FS
Shann Schillinger,FS
Jonathon Amaya,FS
Anthony Levine,FS
Kendrick Lewis,FS
Bryan Evans,FS
Anderson Russell,FS
Rolando McClain ,ILB
Sean Lee,ILB
Brandon Spikes ,ILB
Donald Butler ,ILB
Jamar Chaney ,ILB
Phillip Dillard ,ILB
Pat Angerer ,ILB
Travis Goethel,ILB
Danny Batten,ILB
Darryl Sharpton ,ILB
Mike McLaughlin,ILB
Vincent Rey,ILB
Micah Johnson ,ILB
Albert McClellan,ILB
Kion Wilson ,ILB
Josh Hull,ILB
Matt Mayberry,ILB
Joe Pawelek ,ILB
Alex Joseph,ILB
Leigh Tiffin,K
Aaron Pettrey,K
Hunter Lawrence,K
Garrett Lindholm,K
Brett Swenson,K
Joshua Shene,K
Mike Salerno,K
Jeff Schebler,K
Josh Arauco,K
Andrew Aguila,K
Alex Steigerwald,K
Ryan Bailey,K
Yannick Reyering,K
Clint Gresham,LS
Mike Windt,LS
Morgan Cox,LS
Carter Brunelle,LS
Cody Tawater,LS
Kayl Anderson,LS
Mike Iupati ,OG
Jon Asamoah,OG
Mitch Petrus,OG
Mike Johnson,OG
Zane Beadles ,OG
Marshall Newhouse ,OG
Shawn Lauvao,OG
Ciron Black ,OG
Charlie Tanner,OG
Chris DeGeare,OG
Alex Parsons,OG
Dorian Brooks,OG
Shelley Smith,OG
Chris Scott ,OG
Thomas Austin,OG
Nick Howell,OG
Mike Tepper,OG
Jacques McClendon,OG
Adrian Martinez,OG
Kevin Haslam,OG
Brandon Graham ,OLB
Sergio Kindle ,OLB
Sean Weatherspoon ,OLB
Jerry Hughes ,OLB
Daryl Washington ,OLB
Koa Misi ,OLB
Jason Worilds ,OLB
Thaddeus Gibson,OLB
Eric Norwood ,OLB
Ricky Sapp ,OLB
Navorro Bowman,OLB
Dekoda Watson ,OLB
O'Brien Schofield,OLB
Perry Riley ,OLB
Roddrick Muckelroy ,OLB
Rennie Curran ,OLB
Arthur Moats,OLB
Kavell Conner ,OLB
Chris McCoy,OLB
A.J. Edds ,OLB
Adrian Tracy,OLB
Simoni Lawrence,OLB
Larry Hart,OLB
Tim Knicky,OLB
Dexter Davis ,OLB
Kyle Bosworth,OLB
Ryan Stamper,OLB
Keaton Kristick ,OLB
Keenan Clayton,OLB
Dane Fletcher,OLB
Antonio Coleman ,OLB
Carl Ihenacho,OLB
Russell Okung ,OT
Trent Williams ,OT
Bryan Bulaga ,OT
Anthony Davis ,OT
Charles Brown ,OT
Rodger Saffold,OT
Bruce Campbell ,OT
Vladimir Ducasse,OT
Jared Veldheer,OT
John Jerry ,OT
Ed Wang ,OT
Selvish Capers ,OT
Ramon Harewood,OT
Tony Washington,OT
Sam Young ,OT
Matt Kopa,OT
Jason Fox ,OT
Chris Campbell,OT
Kyle Calloway,OT
Cole Pemberton,OT
Andrew Tyshovnytsky,OT
Steve Maneri,OT
J'Marcus Webb,OT
Dennis Landolt,OT
Chris Marinelli,OT
Will Barker,OT
Kyle Jolly,OT
Levi Horn,OT
Tyler Eastman,OT
Derek Hardman,OT
Zoltan Mesko,P
Brent Bowden,P
Matt Dodge,P
Robert Malone,P
Scott Ravanesi,P
Mike Brandtner,P
Jeremy Boone,P
Ross Thevenot,P
C.J. Spiller ,RB
Ryan Mathews ,RB
Jahvid Best ,RB
Toby Gerhart ,RB
Montario Hardesty ,RB
Jonathan Dwyer ,RB
Ben Tate ,RB
Anthony Dixon ,RB
Joe McKnight ,RB
Lonyae Miller ,RB
James Starks,RB
Charles Scott,RB
LeGarrette Blount ,RB
Keiland Williams,RB
Deji Karim,RB
Brandon Minor,RB
Joique Bell,RB
Chris Brown ,RB
Alfonso Smith,RB
Andre Dixon ,RB
Javarris James ,RB
Stafon Johnson ,RB
Shawnbrey McNeal,RB
Curtis Steele ,RB
Chad Jones ,SS
T.J. Ward,SS
Reshad Jones ,SS
Darrell Stuckey ,SS
Kurt Coleman,SS
Larry Asante ,SS
Darian Stewart,SS
Myron Rolle,SS
Jeromy Miles,SS
Cody Grimm,SS
Kyle McCarthy,SS
Marty Bowman,SS
Matt O'Hanlon,SS
Harry Coleman ,SS
Stevie Brown,SS
Barry Church,SS
Jermaine Gresham ,TE
Rob Gronkowski ,TE
Jimmy Graham,TE
Ed Dickson ,TE
Aaron Hernandez ,TE
Dennis Pitta ,TE
Tony Moeaki ,TE
Dorin Dickerson,TE
Anthony McCoy ,TE
Garrett Graham,TE
Nate Byham,TE
Andrew Quarless,TE
Michael Hoomanawanui ,TE
Fendi Onobun,TE
Mickey Shuler,TE
Jameson Konz,TE
Brody Eldridge,TE
Colin Peek,TE
Logan Paulsen,TE
Scott Sicko,TE
Michael Palmer ,TE
Jeff Cumberland,TE
Dez Bryant ,WR
Golden Tate ,WR
Demaryius Thomas ,WR
Arrelious Benn ,WR
Dexter McCluster ,WR
Damian Williams ,WR
Eric Decker ,WR
Carlton Mitchell ,WR
Brandon LaFell ,WR
Jordan Shipley ,WR
Taylor Price,WR
Mardy Gilyard ,WR
Marcus Easley ,WR
Andre Roberts,WR
Jacoby Ford ,WR
Joe Webb,WR
Emmanuel Sanders,WR
Riley Cooper ,WR
Dezmon Briscoe ,WR
Armanti Edwards,WR
Scott Long,WR
Blair White ,WR
Jeremy Williams ,WR
David Reed,WR
Shay Hodge ,WR
Mike Williams ,WR
Freddie Barnes,WR
Juamorris Stewart,WR
Kyle Williams,WR
David Gettis,WR
Roberto Wallace,WR
Chris McGaha ,WR
Donald Jones,WR
Duke Calhoun,WR
Trindon Holliday ,WR
Seyi Ajirotutu,WR
Antonio Brown,WR
Terrence Austin,WR
Kerry Meier,WR
Jeremy Horne-Murdock,WR
Aiona Key,WR
